<?xml version="1.0" encoding="UTF-8"?>
<kcfg xmlns="http://www.kde.org/standards/kcfg/1.0"
      xmlns:xsi="http://www.w3.org/2001/XMLSchema-instance"
      xsi:schemaLocation="http://www.kde.org/standards/kcfg/1.0
      http://www.kde.org/standards/kcfg/1.0/kcfg.xsd" >
  <kcfgfile name=""/>

  <group name="General">
    <entry name="icon" type="String">
      <label>The name of the icon to use for the compact representation (e.g. on a small panel).</label>
      <default>start-here-kde</default>
    </entry>
    <entry name="useCustomButtonImage" type="Bool">
      <label>Whether to use a custom image instead of an icon in the compact representation (e.g. on a small panel).</label>
      <default>false</default>
    </entry>
    <entry name="customButtonImage" type="Url">
      <label>The URL of the custom image to use instead of an icon in the compact representation (e.g. on a small panel).</label>
      <default></default>
    </entry>

    <entry name="appIconSize" type="Int">
      <label>The size of the icons in the applications grid</label>
      <default>128</default>
    </entry>
    <entry name="maxNumberColumns" type="Int">
      <label>The max number of columns in the applications grid</label>
      <default>5</default>
    </entry>
    <entry name="useDirectoryIcons" type="Bool">
      <label>Determines whether directories should be displayed by their icon rather than a collection of their contents</label>
      <default>false</default>
    </entry>

    <entry name="backgroundType" type="Enum">
      <label>The type of background to use</label>
      <choices>
        <choice name="theme">
          <label>The default background color set by the current Plasma theme</label>
        </choice>
        <choice name="custom">
          <label>A custom color set by the customBackgroundColor property</label>
        </choice>
        <choice name="image">
          <label>A custom image set by the customBackgroundImage property</label>
        </choice>
      </choices>
      <default>0</default> <!-- theme -->
    </entry>
    <entry name="customBackgroundColor" type="Color">
      <label>The custom color to use for the background when backgroundType is in custom mode</label>
      <default>#000000</default>
    </entry>
    <entry name="customBackgroundImagePath" type="Path">
      <label>The custom image path to use for the background when backgroundType is in image mode</label>
      <default>/home</default>
    </entry>
    <entry name="backgroundOpacity" type="Int">
      <label>The opacity of the background in the fullscreen menu representaion</label>
      <default>70</default>
    </entry>

    <entry name="showSystemActions" type="Bool">
      <label>Determines whether or not the system actions are displayed</label>
      <default>true</default>
    </entry>
    <entry name="showSystemActionLabels" type="Bool">
      <label>Determines whether or not the system actions will be displayed with labels</label>
      <default>false</default>
    </entry>
    <entry name="systemActionIconSize" type="Int">
      <label>The size of the system action icons (if displayed)</label>
      <default>48</default>
    </entry>

    <entry name="appNameFormat" type="Int">
      <label>The format used in the display of application names: 0 = NameOnly, 1 = GenericNameOnly, 2 = NameAndGenericName, 3 = GenericNameAndName</label>
      <default>0</default>
    </entry>

    <entry name="favoriteSystemActions" type="StringList">
      <label>List of system action favorites.</label>
      <default>shutdown,reboot,logout</default>
    </entry>
    <entry name="hiddenApplications" type="StringList">
      <label>List of menu id's (usually .desktop file names) of apps that should not be shown in the menu.</label>
      <default></default>
    </entry>

    <entry name="showSearch" type="Bool">
      <label>Determines whether or not the search bar is displayed</label>
      <default>true</default>
    </entry>
    <entry name="searchIconSize" type="Int">
      <label>The size of the icons in the search results list. If adaptiveSearchIconSize is true, this value specifies the max value.</label>
      <default>48</default>
    </entry>
    <entry name="adaptiveSearchIconSize" type="Bool">
      <label>Determines whether the icons in the search results list should be shrunk to match their native resolution.</label>
      <default>false</default>
    </entry>

    <entry name="disableAnimations" type="Bool">
      <label>Disables animations for app grid navigation and search results</label>
      <default>false</default>
    </entry>
    <entry name="animationSpeedMultiplier" type="Double">
      <label>A multiplier which can be used to adjust the speeds of all animations</label>
      <default>1.0</default>
    </entry>

    <entry name="favoritesPortedToKAstats" type="Bool">
      <label>Whether the favorites are ported to use KActivitiesStats to allow per-activity favorites</label>
      <default>false</default>
    </entry>
  </group>
</kcfg>
