{
    "KPlugin": {
        "Authors": [
            {
                "Email": "cmpopp2@gmail.com",
                "Name": "Connor Popp"
            }
        ],
        "Category": "Application Launchers",
        "Description": "A fullscreen customizable launcher with application directories and krunner-like search",
        "Icon": "start-here-kde",
        "Id": "P-Connor.PlasmaDrawer",
        "Name": "Plasma Drawer",
        "ServiceTypes": [
            "Plasma/Applet"
        ],
        "Version": "1.3",
        "Website": "https://github.com/P-Connor/plasma-drawer"
    },
    "X-Plasma-API": "declarativeappletscript",
    "X-Plasma-MainScript": "ui/main.qml",
    "X-Plasma-Provides": [
        "org.kde.plasma.launchermenu"
    ]
}
