{
    "KPlugin": {
        "Authors": [
            {
                "Email": "prayagjain2@gmail.com",
                "Name": "Prayag Jain"
            }
        ],
        "Category": "Utilities",
        "Description": "A control centre inspired by MacOS!",
        "Icon": "configure-toolbars",
        "Id": "com.github.prayag2.controlcentre",
        "License": "GPLv3",
        "Name": "Control Centre",
        "ServiceTypes": [
            "Plasma/Applet"
        ],
        "Version": "0.1.0",
        "Website": "https://github.com/prayag2/kde_controlcentre"

    },
    "X-Plasma-API": "declarativeappletscript",
    "X-Plasma-MainScript": "ui/main.qml",
    "X-Plasma-Provides": "org.kde.plasma.multimediacontrols,org.kde.plasma.powermanagement,org.kde.plasma.notifications",
    "X-Plasma-NotificationArea": "true"
}
